"8471SUB026.jpg","01/10/2018","01/10/2018","Courtesy of Tim Mueller","LaPlace, LA","New Orleans Plantation Country travel destinations of historic places and delicious Cajun and Creole cuisine all along the Mississippi River.","Laplace",
"8501SUB017.jpg","01/10/2018","01/10/2018","Courtesy of the City of High Point","High Point, NC","Parks and Recreation in High Point, NC.","High Point",
"8501SUB249.jpg","01/10/2018","01/10/2018","Courtesy of High Point University","High Point, NC","High Point University Wellness Center.","High Point",
"8501SUB124.jpg","01/10/2018","01/10/2018","Courtesy of the City of High Point","High Point, NC","Buildings at High Point Market. Popular showrooms to visit when you’re shopping for antiques in High Point, NC.","High Point",
"8501SUB148.jpg","01/10/2018","01/10/2018","Courtesy of All-A-Flutter Farms","High Point, NC","&nbsp;
All-A-Flutter Farms in High Point, NC.","High Point",
"8501SUB122.jpg","01/10/2018","01/10/2018","Courtesy of Zozo Photography","High Point, NC","Brown Truck Brewery Market in High Point, NC.","High Point",
"8501SUB174.jpg","01/10/2018","01/10/2018","Courtesy of Roderick Charles","High Point, NC","John Coltrane Festival in High Point, NC.","High Point",
"Brook Hill School.jpg","01/12/2018","01/11/2018","Photo courtesy of the Brook Hill School",,,"Tyler",
"HilltownSign.jpg","01/11/2018","01/11/2018",,,,,
"HilltownHouse.jpg","01/11/2018","01/11/2018",,,,,
"HilltownCommunity.jpg","01/11/2018","01/11/2018",,,,,
"HilltownFamily.jpg","01/11/2018","01/11/2018",,,,,
"HilltownKitchen.jpg","01/11/2018","01/11/2018","Sarah Gilliam","Hilltown, TN",,,
"HilltownFlowers.jpg","01/11/2018","01/11/2018",,,,,
"HilltownAxe.jpg","01/11/2018","01/11/2018",,,,,
"HilltownHouse2.jpg","01/11/2018","01/11/2018",,,,,
"HilltownTN.jpg","01/11/2018","01/11/2018",,,,,
"hilltownmeadow.jpg","01/11/2018","01/11/2018",,,,,
"HilltownBees.jpg","01/11/2018","01/11/2018",,,,,
"framinghamma.jpg","01/12/2018","01/12/2018","Courtesy of","Framingham MA",,"Framingham",
"SanRafaelCA.jpg","01/12/2018","01/12/2018","Courtesy of","San Rafael",,"San Rafael",
"RedwoodCityCA.jpg","01/12/2018","01/12/2018","Courtesy of","Redwood City",,,
"Bismarck.jpg","01/12/2018","01/12/2018","Courtesy of","Bismarck ND",,"Bismarck",
"ArlingtonVA.jpg","01/16/2018","01/16/2018","Courtesy of Ron Cogswell under a  CC 2.0  license.","Arlington VA",,"Arlington",
"Winona Dimeo-Ediger.jpg","01/16/2018","01/16/2018",,,,,
"AuburnAL.jpg","01/17/2018","01/17/2018","Photo courtesy Auburn-Opelika Tourism Bureau",,,"Auburn",
"Auburn-Football.jpg","01/17/2018","01/17/2018",,,,,
"Cat-Cafes-in-America.jpg","01/17/2018","01/17/2018","Facebook.com/MauhausCafe","Best Cat Cafes in America",,,
"SC Great Place.jpg","01/18/2018","01/18/2018","Courtesy of Gerard Hilinski under a  CC 4.0  license.",,,,
"SC Things to do.jpg","01/18/2018","01/18/2018","Courtesy of Ron Cogswell under a  CC 4.0  license.",,,,
"SC Reasons Move.jpg","01/18/2018","01/18/2018","Courtesy of Peter Miller under a  CC 4.0  license.",,,,
"El Paso_18v8W.jpg","01/18/2018","01/18/2018",,,,,
"FargoND.jpg","01/18/2018","01/18/2018","Courtesy of jpellgen under a  CC 2.0  license.","Fargo ND",,"Fargo",
"CharlotteNC.jpg","01/18/2018","01/18/2018",,,,,
"Danville18v18W.jpg","01/18/2018","01/18/2018","Staff","Danville, KY",,"Danville",
"MemphisTN.jpg","01/18/2018","01/18/2018",,,,,
"PittsburghPA.jpg","01/18/2018","01/18/2018",,,,,
"AthensOH.jpg","01/18/2018","01/18/2018",,,,,
"FargoND.jpg","01/18/2018","01/18/2018","Courtesy of jpellgen under a  CC 2.0  license.",,,"Fargo",
"Elk-River-Books-Anniversary.jpg","05/16/2018","01/18/2018","Photo by John Zumpano","Elk River Books",,"Livingston",
"BlacksburgVA.jpg","01/19/2018","01/19/2018","Facebook.com/pg/Blacksburg","Blacksburg, VA",,"Blacksburg",
"Driftless-Cafe.jpg","01/22/2018","01/22/2018",,,,,
"Viroqua.jpg","01/22/2018","01/22/2018","DriftlessCafe.com","Driftless Cafe",,"Viroqua",
"Viroqua-Farm.jpg","01/22/2018","01/22/2018",,,,,
"Livability Ranking Chart 2.jpg","01/23/2018","01/23/2018",,,,,
"Livability Ranking Chart 1.jpg","01/23/2018","01/23/2018",,,,,
"Davis.jpg","01/23/2018","01/23/2018",,,,,
"Sixteen Candles.jpg","01/23/2018","01/23/2018","Photo courtesy Universal Pictures","Sixteen Candles",,,
"4267418524_6698615329_b (1).jpg","01/24/2018","01/24/2018","Courtesy of Rob Bulmahn under a  CC 4.0  license.",,,,
"Marland-Mansion.jpg","01/24/2018","01/24/2018",,,,,
"KennedyNixonDebate.jpg","01/24/2018","01/24/2018",,,,,
"Toy-and-Action-Figure-Museum.jpg","01/24/2018","01/24/2018",,,,,
"13394186_1024816884237996_2612580304162610448_n.jpg","01/24/2018","01/24/2018",,,,,
"Price Tower.jpg","01/24/2018","01/24/2018",,,,,
"Great-Salt-Plains.jpg","01/25/2018","01/24/2018","Courtesy of Nate under a  CC 2.0  license.","Oklahoma Great Salt Plains",,"Oklahoma",
"CatoosaBlueWhale.jpg","01/25/2018","01/25/2018",,,,,
"Great-Salt-Plains-Landscape.jpg","01/25/2018","01/25/2018",,,,,
"Great-Salt-Plains-Crystal-Dig.jpg","01/25/2018","01/25/2018",,,,,
"Things-to-do-in-oklahoma.jpg","01/25/2018","01/25/2018","Oklahoma Tourism",,,,
"Oklahoma.jpg","01/25/2018","01/25/2018","Oklahoma Tourism",,,,
"Screen Shot 2018-01-25 at 11.15.46 AM.png","01/25/2018","01/25/2018",,,,,
"8 Oregon-Coast 1000 x 667.jpg","02/01/2018","01/26/2018","Courtesy of Dottie Day under a  CC 2.0  license.",,,"Oregon",
"Andrea Grimes.jpg","01/29/2018","01/29/2018",,,,,
"Davie-Pro-Rodeo.jpg","01/30/2018","01/30/2018",,,,,
"Davie-Pro-Rodeo-Main-Photo.jpg","01/30/2018","01/30/2018","Davie Pro Rodeo","Davie Pro Rodeo",,"Davie",
"Christiana Lilly Headshot1.jpg","01/30/2018","01/30/2018",,,,,
"Ruth Co top employers.jpg","01/31/2018","01/31/2018","Courtesy of San Sharma under a  CC 4.0  license.",,,,
"Legacy-Food-Hall-Tacos.jpg","01/31/2018","01/31/2018","Legacy Food Hall",,,,
"ElkRiverBooks-byJohn-Zumpano.jpg","05/16/2018","02/01/2018","Photo by John Zumpano",,,"Livingston",
"Livingston-Downtown.jpg","05/16/2018","02/01/2018","miroslav_1/iStock",,,"Livingston",
"Livingston-DowntownCars.jpg","05/16/2018","02/01/2018","Courtesy of  Edwin & Kelly Tofslie  under a  CC 2.0  license.","Elk River Books",,"Livingston",
"Ruth Co businesses.jpg","02/02/2018","02/02/2018","Courtesy of Brent Moore under a  CC 4.0  license.",,,,
"6788604610_cd747c8a6c_b.jpg","02/02/2018","02/02/2018","Courtesy of Paula Fontanini under a  CC 4.0  license.",,,,
"Tennessee-Valentine-Train.jpg","02/02/2018","02/02/2018","Tennessee Central Railway",,,,
"Tennessee-Murder-Mystery-Train.jpg","02/01/2019","02/02/2018","Photo by Scukrov/iStock",,,,
"Santa-Fe-Cats.jpg","05/15/2018","02/02/2018","Photo by Robert Basler","Santa Fe NM",,,
"Santa-Fe-Doorway.jpg","05/15/2018","02/02/2018","Photo by Robert Basler","Santa Fe NM",,,
"Robert-Basler-Santa-Fe.jpg","05/15/2018","02/02/2018","Photo by Robert Basler","Santa Fe CA",,,
"Santa-Fe-Intersection.jpg","05/15/2018","02/02/2018","Photo by Robert Basler",,,,
"NewMexico.jpg","05/15/2018","02/05/2018","Photo by Robert Basler","Santa Fe NM",,"Santa Fe",
"Santa-Fe-Christmas.jpg","05/15/2018","02/05/2018","Photo by Robert Basler","Santa Fe NM",,,
"New-Mexico-Ruins.jpg","05/15/2018","02/05/2018","Photo by Robert Basler","Santa Fe CA",,,
"Santa-Fe-railyard.jpg","05/15/2018","02/05/2018","iStock Photo/ShaunaE","Santa Fe NM",,"Santa Fe",
"Santa-Fe-Window.jpg","05/15/2018","02/05/2018","iStock Photo/ivanastar","Santa Fe NM",,"Santa Fe",
"Santa-Fe-houses.jpg","02/05/2018","02/05/2018","Courtesy of Davel5957","Santa Fe",,"Santa Fe",
"Santa-Fe-Blankets.jpg","05/15/2018","02/05/2018","iStock Photo/SharonFoelz","Santa Fe NM",,"Santa Fe",
"burlington.jpg","02/05/2018","02/05/2018","DenisTangneyJr/iStock Photo",,,"Burlington",
"BloomingtonIN.jpg","02/05/2018","02/05/2018","DenisTangneyJr/iStock Photo","Bloomington",,"Bloomington",
"brittany anas headshot.jpg","02/05/2018","02/05/2018",,,,,
"Washington-State-University.jpg","06/12/2018","02/06/2018","KarenMassier/iStock Photo","Seattle WA",,"Seattle",
"Pullman-WA.jpg","02/06/2018","02/06/2018","RedfishWeb/iStock Photo",,,,
"Park-City-Utah.jpg","02/06/2018","02/06/2018","Bobby Ware/iStock","Park City UT",,,
"Pittsburgh-Mural.jpg","02/07/2018","02/07/2018",,,,,
"PittsburghMad-Mex.jpg","02/07/2018","02/07/2018",,,,,
"Screen Shot 2018-02-07 at 9.48.14 AM.png","02/07/2018","02/07/2018",,,,,
"Pittsburgh-Leonas.jpg","02/07/2018","02/07/2018",,,,,
"Kelly-Beall-Pittsburgh-1.jpg","02/07/2018","02/07/2018",,,,,
"Kelly-Beall-Why-I-Love-Pittsburgh.jpg","02/07/2018","02/07/2018","Courtesy of Matt Dayak","Why I Love Pittsburgh",,,
"Kelly-Beall-Carnegie-Museum.jpg","02/07/2018","02/07/2018",,,,,
"Pittsburgh-Sunset.jpg","02/07/2018","02/07/2018",,,,,
"Pittsburgh-Spirit.jpg","02/07/2018","02/07/2018",,,,,
"Tysons 8 things.jpg","02/07/2018","02/07/2018","Courtesy of Michael Galkovsky under a  CC 4.0  license.",,,,
"Pittsburgh-Art-Festival.jpg","02/07/2018","02/07/2018",,,,,
"Mac-&-Gold-Truck.jpg","02/07/2018","02/07/2018",,,,,
"365Quotes.png","02/07/2018","02/07/2018",,,,,
"Pittsburgh-Sunset-Street.jpg","02/07/2018","02/07/2018",,,,,
"Black-Radish-Kitchen.jpg","02/07/2018","02/07/2018",,,,,
"813_C1_DMSP.png","02/07/2018","02/07/2018",,,,,
"Becky-small.jpg","02/07/2018","02/07/2018",,,,,
"new headshot.jpg","02/08/2018","02/08/2018",,,,,
"Iowa City things to do.jpg","02/08/2018","02/08/2018","Courtesy of Phil Roeder under a  CC 4.0  license.",,,,
"Iowa City best place.jpg","02/08/2018","02/08/2018","Courtesy of Alan Light under a  CC 4.0  license.",,,,
"Skiing.jpg","02/08/2018","02/08/2018",,,,,
"Curling.jpg","02/08/2018","02/08/2018",,,,,
"Biathlon.jpg","02/08/2018","02/08/2018",,,,,
"Snowboarding.jpg","02/08/2018","02/08/2018",,,,,
"Ski-Jumping.jpg","02/08/2018","02/08/2018",,,,,
"31616SUB144.jpg","02/08/2018","02/08/2018","Photo courtesy of the Jackson Chamber","Jackson, TN",,"Jackson",
"Luge.jpg","02/08/2018","02/08/2018",,,,,
"JacksonTN18v1W.jpg","02/08/2018","02/08/2018",,,,,
"Where-to-Try-Curling.jpg","02/08/2018","02/08/2018","Courtesy of zilli/iStock",,,,
"31616SUB020.jpg","02/08/2018","02/08/2018",,,,,
"Tysons great.jpg","02/09/2018","02/09/2018","Courtesy of ddourojeanni under a  CC 4.0  license.",,,,
"6923507902_f23d50226c_k.jpg","02/09/2018","02/09/2018","Courtesy of m01229 under a  CC 4.0  license.",,,,
"SouthCarolinaCommerce18v8W.jpg","03/29/2019","02/12/2018",,"South Carolina Business Climate",,,
"Marion18v2W.jpg","02/12/2018","02/12/2018",,,,,
"How-to-Love-Where-You-Live.jpg","02/12/2018","02/12/2018","Courtesy of DianeBentleyRaymond/iStock",,,,
"missionhealthSS_cover.jpg","02/12/2018","02/12/2018",,,,,
"1-spread_McDay_Lakesha_2.jpg","02/12/2018","02/12/2018",,,,,
"2-spread_Pittman_Lauren.jpg","02/12/2018","02/12/2018",,,,,
"3-spread_Mears_PJ.jpg","02/12/2018","02/12/2018",,,,,
"Where-You-Should-Live-Based-on-Hogwarts-House.jpg","02/13/2018","02/13/2018","Courtesy of OscarHill/iStock","Best City for Your Hogwarts House",,,
"Grimm Brothers Brewhouse.jpg","02/13/2018","02/13/2018",,,,,
"Loveland-CO-Valentine-Stampers.jpg","02/13/2018","02/13/2018",,,,,
"Loveland-CO-Valentine-Volunteers.jpg","02/13/2018","02/13/2018",,,,,
"Love-Stamps.jpg","02/13/2018","02/13/2018","Courtesy of Juanmonino/iStock","Love stamps",,,
"Easton, Great.jpg","02/14/2018","02/14/2018","Courtesy of m01229 under a  CC 4.0  license.",,,,
"Easton things.jpg","02/14/2018","02/14/2018","Courtesy of ChesapeakeBayEO under a  CC 4.0  license.",,,,
"iStock-529398964.jpg","02/14/2018","02/14/2018",,,,,
"iStock-458540753.jpg","02/14/2018","02/14/2018",,,,,
"iStock-171376460.jpg","02/14/2018","02/14/2018",,,,,
"iStock-503485862.jpg","02/14/2018","02/14/2018",,,,,
"4012430181_c238156e12_b.jpg","02/14/2018","02/14/2018",,,,,
"iStock-500890999.jpg","02/14/2018","02/14/2018","iStock","New Orleans, LA",,"New Orleans",
"iStock-458328723.jpg","02/14/2018","02/14/2018",,,,,
"Motorcycle-Tourism.jpg","02/15/2018","02/15/2018",,,,,
"Motorcycle-Riders.jpg","02/15/2018","02/15/2018","Courtesy of kesu01/iStock",,,,
"Tysons employers.jpg","02/16/2018","02/16/2018","Courtesy of Brian Howell under a  CC 4.0  license.",,,,
"Ramen-Lab-Boca-Raton.jpg","02/16/2018","02/16/2018",,,,,
"Barrel-of-Monkeys.jpg","02/16/2018","02/16/2018",,,,,
"The-Seed-Boca-Raton.jpg","02/16/2018","02/16/2018","Facebook.com/TheSeedBoca","Boca Raton coffee shop",,,
"Mizner park.jpg","02/16/2018","02/16/2018",,,,,
"Funky-Buddha-Lounge.jpg","02/16/2018","02/16/2018",,,,,
"LansingMI.jpg","02/16/2018","02/16/2018","Courtesy of Davel5957/iStock","Lansing MI",,"Lansing",
"838_118JNFRE0008.jpg","02/18/2018","02/18/2018","Jerry Naunheim Jr.","Chesterfield, MO","This is the Parkway School District's Spark! program at Chesterfield Mall.&nbsp;","Chesterfield",
"8380617JWA4326.jpg","02/18/2018","02/18/2018","Jeff Adkins","Chesterfield, MO","Visitors walk through the Chesterfield Amphitheater in Chesterfield Central Park in Chesterfield, Missouri.","Chesterfield",
"838_118JNFRE0028.jpg","02/18/2018","02/18/2018","Jerry Naunheim Jr.","Chesterfield, MO","This is the Parkway School District's Spark! program at Chesterfield Mall.","Chesterfield",
"8380617JWA3018.jpg","02/18/2018","02/18/2018","Jeff Adkins","Chesterfield, MO","Visitors take photos with a statue called ""The Awakening II"" by artist Seward Johnson in Chesterfield Central Park in Chesterfield, Missouri. The aluminum statue gives the impression of a distressed giant attempting to free himself from the ground.","Chesterfield",
"83801SUB114.jpg","02/18/2018","02/18/2018","Courtesy of Chris Ryan","Chesterfield, MO","Mercy Rehabilitation Hospital in Chesterfield, MO.","Chesterfield",
"83802SUB003.jpg","02/18/2018","02/18/2018","Courtesy of Peaks View LLC","Chesterfield, MO","Chesterfield Village Research Center.&nbsp;","Chesterfield",
"BuffaloNY.jpg","02/19/2018","02/19/2018","Courtesy of benedek/iStock","Buffalo NY",,"Buffalo",
"Roanoke-VA.jpg","02/19/2018","02/19/2018","Courtesy of SeanPavonePhoto/iStock","Roanoke, VA",,"Roanoke",
"Morgantown-West-VA.jpg","02/19/2018","02/19/2018","Courtesy of BackyardProduction/iStock","Morgantown, WV",,"Morgantown",
"La-Crosse-WI.jpg","02/19/2018","02/19/2018","Kyle Herlitzke","La Crosse, WI",,"La Crosse",
"Savannah-GA.jpg","02/19/2018","02/19/2018","Courtesy of Peeter Viisimaa/iStock","Savannah GA",,"Savannah",
"Cincinnati-OH.jpg","02/19/2018","02/19/2018","Courtesy of aceshot/iStock","Cincinnati, OH",,"Cincinnati",
"Moscow-Idaho.jpg","02/19/2018","02/19/2018","Courtesy of knowlesgallery/iStock","Moscow, ID",,"Moscow",
"Ellensburg-WA.jpg","02/19/2018","02/19/2018","Courtesy of Solidago/iStock","Ellensburg, WA",,"Ellensburg",
"Knoxville-TN.jpg","02/19/2018","02/19/2018","Courtesy of csfotoimages/iStock","Knoxville, TN",,"Knoxville",
"backbar.jpg","02/20/2018","02/20/2018","Courtesy of Sushiesque under a  CC 4.0  license.",,,,
"City Bucket List.jpg","02/21/2018","02/20/2018","Courtesy of Maica/iStock",,,,
"Screen Shot 2018-02-21 at 12.57.44 PM.png","02/21/2018","02/21/2018",,,,,
"clara hogan liv.jpg","02/21/2018","02/21/2018",,,,,
"AffordableCities_WhiteBG.png","02/22/2018","02/22/2018",,,,,
"Melissa Thompson headshot.jpg","02/22/2018","02/22/2018",,,,,
"BatonRouge.jpg","02/22/2018","02/22/2018","Istockphoto.com/SeanPavonePhoto","8 Reasons to Move to Baton Rouge",,"Baton Rouge",
"christynnalynchgmail.jpg","02/22/2018","02/22/2018",,,,,
"Backbar.jpg","02/22/2018","02/22/2018",,,,,
"Safehouse-Milwaukee.jpg","02/22/2018","02/22/2018",,,,,
"Rise-of-the-Speakeasy.jpg","02/22/2018","02/22/2018",,,,,
"The-Broken-Dram.jpg","02/22/2018","02/22/2018",,,,,
"Townhousevenice 3.jpg","02/22/2018","02/22/2018","Townhouse Venice",,,,
"Spring Hill Rippavilla.jpg","02/23/2018","02/23/2018","Courtesy of Michael Noirot under a  CC 4.0  license.",,,,
"shutterstock_27196792_blue.jpg","02/23/2018","02/23/2018","Photo Credit: Shutterstock/Courtesy of Jackson, TN Chamber","Jackson, TN",,"Jackson",
"IMG_5099 (Medium).jpg","02/26/2018","02/26/2018",,,,,
"Getzimage.jpeg","02/26/2018","02/26/2018",,,,,
"San-Luis-Obispo-Farmers-Market.jpg","02/26/2018","02/26/2018","Photo courtesy Visit SLO","San Luis Obispo",,"San Luis Obispo",
"San Luis Obispo Horseback.jpg","02/26/2018","02/26/2018",,,,,
"San-Luis-Obispo-downtown.jpg","02/26/2018","02/26/2018",,,,,
"San Luis Obispo Farmers Market.jpg","02/26/2018","02/26/2018",,,,,
"San-Luis-Obispo-view.jpg","02/26/2018","02/26/2018","Photo courtesy Visit SLO","San Luis Obispo",,"San Luis Obispo",
"about-us-hero.jpg","02/26/2018","02/26/2018",,"Showcasing America's Best Places to Live",,,
"unnamed.jpg","02/26/2018","02/26/2018",,,,,
"MB headshot.jpg","02/26/2018","02/26/2018",,,,,
"Patsy Weiler IMG_7323.jpg","02/27/2018","02/27/2018",,,,,
"clairehannum.jpg","02/27/2018","02/27/2018",,,,,
"laura-ratliff-hi-res.jpg","02/27/2018","02/27/2018",,,,,
"Ferry Boat, Washington Stateby Christine Majul.jpg","02/27/2018","02/27/2018",,,,,
"mombag.jpg","02/27/2018","02/27/2018","Beth Matthews Design",,,,
"How to Love Where You Live Give Back.jpg","02/28/2018","02/28/2018","iStockPhoto.com/RawPixel","Volunteering",,,
"The Mom Bag.jpg","02/28/2018","02/28/2018",,,,,
"swallow school pic 2017.jpg","02/28/2018","02/28/2018",,,,,
"PamelaHuntPhoto.jpg","02/28/2018","02/28/2018",,,,,
"Washington-State-Ferry-System.jpg","02/28/2018","02/28/2018","istockphoto.com/LoweStock","Ferry in Seattle",,"Seattle",
"Tupelo18v15W.jpg","02/28/2018","02/28/2018",,,,,
"Susan_Chappell_2017.png","02/28/2018","02/28/2018",,,,,
"Jen_Headshot_Face_On-1.jpg","02/28/2018","02/28/2018",,,,,
,"02/28/2018","02/28/2018","Courtesy of Holly Hayes under a  CC 4.0  license.","weird donuts",,,
"Elvis-Donut.jpg","06/06/2019","02/28/2018","Photo Courtesy of Psycho Donuts",,,"Campbell",
"Strange-Donut-fruity-pebbles.jpg","06/06/2019","02/28/2018","Photo Courtesy of Strange Donuts",,,,
"Strange-Donuts.jpg","02/28/2018","02/28/2018","Strange Donuts","Strange Donuts",,,
"DSC_1528Web.jpg","03/01/2018","03/01/2018",,,,,
"prof pic.jpeg","03/01/2018","03/01/2018",,,,,
"unnamed.jpg","03/01/2018","03/01/2018",,,,,
"Tom+Chee.jpg","03/02/2018","03/02/2018","Tom and Chee","Tom + Chee",,,
"63315SUB016.jpg","03/04/2018","03/04/2018","Courtesy of Omni Grove Park Inn","Asheville, NC","Omni Grove Park Inn in Asheville, NC.","Asheville",
"1250615BM8103.jpg","03/04/2018","03/04/2018","Brian McCord","Asheville, NC","People shopping in downtown Black Mountain, NC.","Asheville",
"63316SUB007.jpg","03/04/2018","03/04/2018","Courtesy of Vortex Doughnuts","Asheville, NC","Vortex Doughnuts in Asheville, NC.","Asheville",
"1630717JNFRE0010.jpg","03/04/2018","03/04/2018","Joshua Ness","Asheville, NC","Tubing in Asheville, NC.","Asheville",
"633_1218CPFRE0015.jpg","03/04/2018","03/04/2018","Colby McLemore","Asheville, NC","JB Media, owner (Justin Belleme) and team in Asheville, NC.","Asheville",
"83402SUB010.jpg","03/04/2018","03/04/2018","Courtesy of Roger W Winstead/Craven Community College","Craven County, NC","Craven Community College in New Bern, NC.","New Bern",
"83402SUB004.jpg","03/04/2018","03/04/2018","Courtesy of CarolinaEast Health System","New Bern, NC","CarolinaEast Health System in Craven County, NC.","New Bern",
"79105SUB0016.jpg","03/04/2018","03/04/2018","Courtesy of Port of Virginia","New Bern, NC","The Port of Virginia serves Craven County, NC.","New Bern",
"83402SUB116.jpg","03/04/2018","03/04/2018","Courtesy of North Carolina Railroad Company","New Bern, NC","North Carolina Railroad Company: a freight train transports military cargo across the Trent River Bridge in New Bern, NC.","New Bern",
"83401SUB027.jpg","03/04/2018","03/04/2018","Courtesy of New Bern Visitor Center","New Bern, NC","Coastal Carolina Regional Airport in Craven County, NC.","New Bern",
"7910717MSFRE257.jpg","03/04/2018","03/04/2018","Courtesy of Michael Cline Spencer","New Bern, NC","Aircraft workers conduct maintenance of the H-53 Super Stallion at the Fleet Readiness Center East (in Hangar 3 on Marine Corps Air Station Cherry Point) in Craven County, NC.","New Bern",
"83401SUB020.jpg","03/04/2018","03/04/2018","Courtesy of Charles Register","New Bern, NC","Shopping in New Bern, NC.","New Bern",
"7790118JWA1240.jpg","03/04/2018","03/04/2018","Jeff Adkins","Cedar Hill, TX","Hospital employee Mia Simon, right, greets volunteer Ms. Cleo Raymond in the main lobby at the Methodist Charlton Medical Center in Dallas, Texas. Raymond has been a volunteer at the hospital for 32 years.","Cedar Hill",
"7790416JSO1802.jpg","03/04/2018","03/04/2018","Jeffrey S. Otto","Cedar Hill, TX","traffic streaks past on I - 35 south of downtown Dallas","Cedar Hill",
"c.jpg","03/04/2018","03/04/2018","Courtesy of Hillside Village","Cedar Hill, TX","Hillside Village Complex, shopping center; H&amp;M opened a 21,000-square-foot store at Hillside Village in October 2015.","Cedar Hill",
"7791014MDT0991.jpg","03/04/2018","03/04/2018","Michael D. Tedesco","Cedar Hill, TX","George Washington Carver 6th Grade STEM Learning Center, 1005 Westridge Avenue, Lancaster, Tx. Instructor Nicholas Keith, Dakota Bice (white shirt), Evaristo Osorio (glasses), Zaria Dailey.","Cedar Hill",
"7790118JWA2820.jpg","03/04/2018","03/04/2018","Jeff Adkins","Cedar Hill, TX","Students in the Ferris High School CTE/STEM Robotics &amp; Computer Science program prepare for a regional Competition Robotics team competion while building and programming robots to perform tasks at Ferris High School School.","Cedar Hill",
"7790118JWA1343.jpg","03/04/2018","03/04/2018","Jeff Adkins","Cedar Hill, TX","Emergency room medical staff treat a patient in the emergency room at the Methodist Charlton Medical Center in Dallas, Texas.","Cedar Hill",
"7790416JSO1756.jpg","03/04/2018","03/04/2018","Jeffrey S. Otto","Cedar Hill, TX","Southwest Dallas region has an extensive interstate system making it a natural location for a transportation, distribution or logistics business.","Cedar Hill",
"14114991_2807594597010_3165277394981758458_o.jpg","03/05/2018","03/05/2018",,,,,
"Birmingham AL.jpg","03/05/2018","03/05/2018","iStock Photo/Sean Pavone",,,"Chapel Hill",
"Omaha NE.jpg","03/05/2018","03/05/2018","iStock Photo/f1monaco31",,,"Omaha",
"Des Moines IA.jpg","03/05/2018","03/05/2018","iStock Photo/beklaus",,,"Des Moines",
"St. Louis MO.jpg","03/05/2018","03/05/2018","iStock Photo/JByard",,,"St. Louis",
"Chapel Hill NC.jpg","03/05/2018","03/05/2018","iStock Photo/Ryan Herron",,,"Chapel Hill",
"Raleigh NC.jpg","03/05/2018","03/05/2018","iStock Photo/Sean Pavone",,,"Raleigh",
"Raleigh NC.jpg","03/05/2018","03/05/2018","iStock Photo/Sean Pavone",,,,
"Rebecca_Holland_head_shots-4.jpg","03/05/2018","03/05/2018",,,,,
"Bennys-Rhode-Island.jpg","03/05/2018","03/05/2018","Courtesy of JJBers under a  CC 2.0  license.","Benny's Rhode Island",,,
"How-to-Love-Where-You-Live-Sports.jpg","03/06/2018","03/06/2018","istockphoto.com/gmcoop",,,,
"SWDallas.jpg","03/07/2018","03/07/2018","Staff Photo","Southwest Dallas",,"Cedar Hill",
"SWDallasF1.jpg","03/07/2018","03/07/2018","Staff Photo","Southwest Dallas",,"Cedar Hill",
"iStock-697650902.jpg","03/07/2018","03/07/2018","iStock/everythingpossible","Asheville, NC",,"Asheville",
"iStock-872221592.jpg","03/07/2018","03/07/2018","iStock/bizvector","Asheville, NC",,"Asheville",
"pcb.jpg","03/07/2018","03/07/2018","iStock Photo/benedek","panama city beach",,"Panama City Beach",
"aspen.jpg","03/07/2018","03/07/2018","iStock Photo/Adventure_Photo","Aspen Co",,"Aspen",
"pCB.jpg","03/07/2018","03/07/2018","iStock Photo/Benedek","panama city beach",,"Panama City Beach",
"ft-lauderdale.jpg","03/07/2018","03/07/2018","iStock Photo/Sean Pavone","Ft. Lauderdale",,"Fort Lauderdale",
"Galveston-TX.jpg","03/07/2018","03/07/2018","iStock Photo/kat-co",,,"Galveston",
"Hot Springs business.jpg","03/07/2018","03/07/2018","Courtesy of Bjorn under a  CC 4.0  license.",,,,
"15864802295_3a818a1d26_b.jpg","03/07/2018","03/07/2018","Courtesy of",,,"Seattle-Tacoma-Bellevue, WA Metro Area",
"Hot Springs, employ.jpg","03/07/2018","03/07/2018","Courtesy of Kevin Wood under a  CC 4.0  license.",,,,
"Ann Arbor restaurant.jpg","03/09/2018","03/09/2018","Courtesy of Ian Freimuth under a  CC 4.0  license.",,,,
"Ann Arbor Main.jpg","03/09/2018","03/09/2018","Courtesy of anadyomene under a  CC 4.0  license.",,,,
"Ann Arbor hospital.jpg","03/09/2018","03/09/2018","Courtesy of U-M Haiti Relief under a  CC 4.0  license.",,,,
"piggy-bank.jpg","03/09/2018","03/09/2018","iStock Photo/AnthiaCumming","Piggy Bank",,,
"Boca-Raton-Florida---Red-Reef-Park-1---Discover-The-Palm-Beaches.jpg","03/12/2018","03/12/2018","Photo Courtesy of Discover The Palm Beaches",,,"Boca Raton",
"Jupiter3 by Kim Seng.jpg","03/12/2018","03/12/2018","Photo Courtesy of Kim Seng",,,"Jupiter",
"Pleasanton-Visit-Tri-Valley.jpg","03/12/2018","03/12/2018","Photo Courtesy of Visit Tri-Valley",,,"Pleasanton",
"Scottsdale-1-by-Experience-Scottsdale.jpg","03/12/2018","03/12/2018","Photo Courtesy of Experience Scottsdale",,,"Scottsdale",
"8501SUB251.jpg","03/13/2018","03/13/2018","Photo courtesy of the High Point Convention and Visitors Bureau","High Point, NC",,"High Point",
"Torchy's-ATX.jpg","03/13/2018","03/13/2018","Photo Courtesy of Torchy's Instagram",,,,
"Newport-Beach1-via-iStock-user-KGrif.jpg","03/13/2018","03/13/2018","iStock Photo/KGriff",,,"Newport Beach",
"Newport-Beach3-via-iStock-user-cliffwass.jpg","03/13/2018","03/13/2018","iStock Photo/cliffwass",,,"Newport Beach",
"White-Plains1-via-FlickrJune-Marie.jpg","03/13/2018","03/13/2018","Courtesy of June Marie under a  CC 2.0  license.",,,"White Plains",
"Naperville1-via-FlickrMichael-Kappel.jpg","03/13/2018","03/13/2018","Courtesy of  Michael Kappel  under a  CC 2.0  license.",,,"Naperville",
"Brookline-MA1-via-FlickrMad-Ball.jpg","03/13/2018","03/13/2018","Courtesy of  Mad Ball  under a  CC 2.0  license.",,,"Brookline",
"Flower-Mound-TX1-via-FlickrDavid-Koontz.jpg","03/13/2018","03/13/2018","Courtesy of  David Koontz  under a  CC 2.0  license.",,,"Flower Mound",
"Sammamish-WA1-via-TumblrAbhinaba-Basu.jpg","03/13/2018","03/13/2018","Courtesy of  Abhinaba Basu  under a  CC 2.0  license.",,,"Sammamish",
"Top10_Cities_To-Visit_2018.png","03/13/2018","03/13/2018",,,,,
"InstagrammingFood.jpg","03/14/2018","03/14/2018","iStockPhoto.com/Alexandra Iakovleva",,,,
"Escape-the-Movies-at-Laurel’s-House-of-Horror.jpg","03/14/2018","03/14/2018","Courtesy of Laurel's House of Horror",,,"Laurel",
"Masquerade-Manor-at-Exodus-Escape-Room.jpg","03/14/2018","03/14/2018","Courtesy of Exodus Escape Room",,,"Monterey",
"Coolidge-Theater.jpg","03/14/2018","03/14/2018","Courtesy of  Blue Delliquanti under a  CC 2.0  license.",,,"Brookline",
"LandscapeForPrint.jpg","03/15/2018","03/15/2018","Sponsored by Mountain View College","Southwest Dallas - Mountain View College",,"Cedar Hill",
"ClevelandOH.jpg","10/30/2018","03/15/2018","Courtesy of iStockphoto/Ron Thomas","Cleveland",,"Cleveland",
"Where-travel-writers-live.jpg","03/15/2018","03/15/2018","iStockPhoto.com/anyaberkut",,,,
"SWDallas18v5W.jpg","03/18/2018","03/18/2018",,,,,
"TEDG18v26W.jpg","03/18/2018","03/18/2018",,,,,
"HighPoint18v1_W.jpg","03/18/2018","03/18/2018",,,,,
"HPLogo.png","03/18/2018","03/18/2018",,,,,
"EastCentralIndiana_18v2W.jpg","04/10/2020","03/18/2018",,"East Central Indiana magazine",,,
"Bio_headshot.jpg","03/19/2018","03/19/2018",,,,,
"Schlitterbahn 1.jpg","03/19/2018","03/19/2018","Courtesy of Schlitterbahn Waterparks and Resorts","Schlitterbahn 1.jpg",,"New Braunfels",
"Schlitterbahn 2.jpg","03/19/2018","03/19/2018","Courtesy of Schlitterbahn Waterparks and Resorts","Schlitterbahn 2",,"New Braunfels",
"Schlitterbahn3.jpg","03/19/2018","03/19/2018","Courtesy of Schlitterbahn Waterparks and Resorts","Schlitterbahn 3",,"New Braunfels",
"NB-July-09-2015-TV-Schatzes-Central-Park-0410-300x200.jpg","03/19/2018","03/19/2018","Courtesy of Schlitterbahn Waterparks and Resorts","nb",,"New Braunfels",
"Kayak.jpg","03/20/2018","03/20/2018","iStock Photo User mihtiander",,,,
"Wine.jpg","03/23/2018","03/20/2018","iStockPhoto",,,,
"Franklin, TN.jpg","03/21/2018","03/21/2018","Courtesy of Jim Bowen under a  CC 4.0  license.",,,,
"Chesterfield MO reasons.jpg","03/21/2018","03/21/2018","Courtesy of PVS444 under a  CC 4.0  license.",,,,
"48134_10151522811236528_1295961729_n (2).jpg","03/21/2018","03/21/2018",,,,,
"HowOneHatChangedEverything.jpg","03/21/2018","03/21/2018","Courtesy of iStockphoto/Imgorthand","Boy in winter hat",,,
"411042_3644579945832_797274868_o.jpg","03/21/2018","03/21/2018",,,,,
"Animas-River.jpg","03/21/2018","03/21/2018","iStock Photo/Different_Brian","Durango CO",,"Durango",
"Mt.-Bachelor-.jpg","03/21/2018","03/21/2018","iStock Photo/DougBennett","Bend OR",,"Bend",
"South-Dakota.jpg","03/21/2018","03/21/2018","iStock Photo/BenjaminSullivan","Black Hills",,"Spearfish",
"Santa-Fe.jpg","03/21/2018","03/21/2018","iStock Photo/JacobH","Santa Fe",,"Santa Fe",
"Greenville.jpg","03/21/2018","03/21/2018","iStock Photo/wpd911","Greenville Waterfall",,"Greenville",
"Santa-Fe2.jpg","03/21/2018","03/21/2018","iStock Photo/Dean_Fikar","Aspen Vista Overlook",,"Santa Fe",
"CRP_stacked.jpg","03/21/2018","03/21/2018",,,,,
"CRP_stacked.jpg","03/21/2018","03/21/2018",,,,,
"Rosie-Riveter.jpg","03/21/2018","03/21/2018","Photo Courtesy of National Park Service",,,"Richmond",
"Mary-Todd-Lincoln.jpg","04/05/2018","03/21/2018","Photo Courtesy of Mary Todd Lincoln House","MTL",,"Lexington",
"Harriett-Tubman.jpg","03/21/2018","03/21/2018","Photo Courtesy of National Park Service",,,"Auburn",
"Susan-B.-Anthony-House.jpg","03/22/2018","03/21/2018","Photo used with permission of the National Susan B. Anthony Museum & House",,,"Rochester",
"M'Clintock-House1.jpg","03/21/2018","03/21/2018","Photo Courtesy of National Park Service",,,"Seneca Falls",
"Womens-Natl-Rights.jpg","03/21/2018","03/21/2018","Photo Courtesy of National Park Service",,,"Seneca Falls",
"newbraunfels.jpg","03/21/2018","03/21/2018","Courtesy of Schlitterbahn Waterparks and Resorts",,,"New Braunfels",
"Benedetti-Headshot1.jpg","03/21/2018","03/21/2018",,,,,
"salt.jpg","03/22/2018","03/22/2018","Photo Courtesy of SALT Alaska",,,"Juneau",
"wine.jpg","03/22/2018","03/22/2018","iStock Photo/CasarsaGuru",,,,
"PCH-101.jpg","03/23/2018","03/23/2018","iStock Photo/Art Wager",,,"California",
"City-Lights.jpg","03/23/2018","03/23/2018","iStock Photo/jamesteohart",,,,
"Golden-Gate.jpg","03/23/2018","03/23/2018","iStock Photo/Ron_Thomas",,,"California",
"Small-Cities-for-Introverts.jpg","03/26/2018","03/26/2018","Courtesy of iStockphoto/benedek",,,,
"simi-valley.jpg","03/26/2018","03/26/2018","iStock Photo/ffaber53","simi valley ca",,"Simi Valley",
"65416SUB019.jpg","03/26/2018","03/26/2018","Courtesy of Dal-Tile","Nashville, TN","The new Dal-Tile facility in Dickson, TN.","Nashville",
"6540118JWA3677.jpg","03/26/2018","03/26/2018","Jeff Adkins","Nashville, TN","The&nbsp;Nashville Entrepreneur Center.","Nashville",
"6540118JWA4954.jpg","03/26/2018","03/26/2018","Jeff Adkins","Nashville, TN","Health care tech in Nashville, TN.","Nashville",
"3060417JWA9795.jpg","03/26/2018","03/26/2018","Jeff Adkins","Nashville, TN","Columbia State Community College in Nashville, TN.","Nashville",
"65416SUB015.jpg","03/26/2018","03/26/2018","Courtesy of the Nashville International Airport","Nashville, TN","The Nashville International Airport.","Nashville",
"65416SUB031.jpg","11/18/2019","03/26/2018","Courtesy of WeWork","Nashville, TN Businesses","WeWork in Nashville, TN.","Nashville",
"65416SUB018.jpg","03/26/2018","03/26/2018","Courtesy of the Nashville International Airport","Nashville, TN","The new international wing of the Nashville International Airport.","Nashville",
"1051116JWA6460.jpg","03/26/2018","03/26/2018","Jeff Adkins","Nashville, TN","Fans cheer on the Nashville Predators.","Nashville",
"3060413WJO8771.jpg","03/26/2018","03/26/2018","Wendy Jo O'Barr","Nashville, TN","Downtown Franklin, TN.","Nashville",
"833_1218CPFRE0032.jpg","03/26/2018","03/26/2018","Colby McLemore","Oak Ridge, TN","Stealth Mark opened a new business location in Oak Ridge, TN.","Oak Ridge",
"83312SUB093.jpg","03/26/2018","03/26/2018","Courtesy of the City of Oak Ridge","Oak Ridge, TN","Greenways in Oak Ridge, TN.","Oak Ridge",
"83312SUB062.jpg","03/26/2018","03/26/2018","Courtesy of Amy Viars","Oak Ridge, TN","ORNL Summer Robotics Academy in Oak Ridge, TN.","Oak Ridge",
"8331015MDT1625.jpg","03/26/2018","03/26/2018","Michael D. Tedesco","Oak Ridge, TN","On the shores of Melton Hill Lake, the beautiful Melton Lake Park provides a boat ramp and shoreline access for paddlers and anglers. Oak Ridge Rowing Club practicing.","Oak Ridge",
"83312SUB080.jpg","03/26/2018","03/26/2018","Courtesy of the City of Oak Ridge","Oak Ridge, TN","Oak Ridge, TN","Oak Ridge",
"83310SUB022.jpg","03/26/2018","03/26/2018","Courtesy of Don Dudenbostel","Oak Ridge, TN","Methodist Medical serves Oak Ridge, TN.","Oak Ridge",
"How-to-Love-Where-You-Live-Protest.jpg","03/27/2018","03/27/2018","Courtesy of iStockphoto/HABesen",,,,
"greenwich.jpg","03/28/2018","03/28/2018","iStock Photo/DenisTangneyJr",,,"Greenwich",
"Cullman AL.jpg","03/28/2018","03/28/2018","Courtesy of Adam Teague under a  CC 4.0  license.",,,,
"Notes-from-a-Public-Typewriter_Cover.jpg","03/28/2018","03/28/2018","Photo Courtesy of Michael Gustafson",,,,
"Notes-from-a-public-typewriter-4.jpg","03/29/2018","03/28/2018",,,,,
"Notes-from-a-public-typewriter-5 Credit Michael Gustafson.jpg","03/28/2018","03/28/2018",,"Photo Courtesy of Michael Gustafson",,,
"notes-public-typewriter1.jpg","03/29/2018","03/28/2018","Photo Courtesy of Michael Gustafson",,,,
"notes-public-typewriter2.jpg","03/28/2018","03/28/2018","Photo Courtesy of Michael Gustafson",,,,
"notes-public-typewriter3.jpg","03/28/2018","03/28/2018","Photo Courtesy of Michael Gustafson",,,,
"ECentral IN.jpg","03/29/2018","03/29/2018","Courtesy of Jerry under a  CC 4.0  license.",,,,
"e627df23b1b142c89f0d11a1b1bc99b5e7921185.jpeg","03/29/2018","03/29/2018",,,,,
"tiny-house.jpg","03/29/2018","03/29/2018","iStock Photo/asbe",,,,
"Oshkosh WI.jpg","03/30/2018","03/30/2018","Courtesy of Kevin Stewart under a  CC 4.0  license.",,,,
"Asheville18v16W.jpg","03/30/2018","03/30/2018",,,,,
"63315SUB026.jpg","03/30/2018","03/30/2018","Photo courtesy of the Asheville Area Chamber of Commerce","Asheville, NC",,"Asheville",
"6331116MRFRE047.jpg","03/30/2018","03/30/2018","Staff Photo","Asheville, NC",,"Asheville",
"Alex-tiny-house.jpg","04/02/2018","04/02/2018","Alex Kingsbery","tiny house plans",,,
"Alex-tiny-house-process.jpg","04/02/2018","04/02/2018","Alex Kingsbery","tiny house",,,
"Alex-tiny-house-process-2.jpg","04/02/2018","04/02/2018","Alex Kingsbery","tiny house building",,,
"Tiny-house-plans.jpg","04/02/2018","04/02/2018",,,,,
"alex-tiny-house-building.jpg","04/02/2018","04/02/2018",,,,,
"Tiny-house-building-process.jpg","04/02/2018","04/02/2018","Alex Kingsbery","tiny house plans",,,
"Tiny-house-side-view.jpg","04/02/2018","04/02/2018","Alex Kingsbery",,,,
"Tiny-House-Building-Advice.jpg","04/02/2018","04/02/2018","Alex Kingsbery","tiny house plans",,,
"IMG_2050.jpg","04/02/2018","04/02/2018",,,,,
"FRAMINGHAM.jpg","04/02/2018","04/02/2018","Courtesy of",,,"Framingham",
"hood.jpg","04/02/2018","04/02/2018","iStock Photo/krblokhin",,,,
"rb.jpg","04/02/2018","04/02/2018",,,,,
"DIY-Tiny-House.jpg","04/02/2018","04/02/2018","iStockPhoto.com","DIY tiny house",,,
"Best-Places-to-Live-for-Outdoor-Adventure.jpg","04/03/2018","04/03/2018","Courtesy of iStockphoto/mihtiander","Best Places to Live for Outdoor Adventure",,,
"SR1.jpg","04/04/2018","04/04/2018","Courtesy of  Jesse Wagstaff  under a  CC 2.0  license.",,,"San Rafael",
"sr2.jpg","04/05/2018","04/04/2018","Courtesy of  Michael Arrighi  under a  CC 2.0  license.",,,"San Rafael",
"SanRafaelCA1.jpg","04/09/2018","04/05/2018","iStock Photo/benedek","SanRafaelCA1",,"San Rafael",
"iStock-845563046.jpg","04/06/2018","04/06/2018","iStock/Sean Pavone","Memphis, TN",,"Memphis",
"83312SUB106.jpg","04/06/2018","04/06/2018","Photo courtesy of the City of Oak Ridge","Oak Ridge, TN",,"Oak Ridge",
"Walking---Stock-Photo.jpg","04/06/2018","04/06/2018","iStock Photo/Kirkikis","For How to Love Where You Live",,,
"MOCA Cleveland.jpg","04/06/2018","04/06/2018","Photo Courtesy of ThisisCleveland.com","MOCA Exterior",,,
"Cleveland Rock and Roll Hall of Fame.jpg","04/19/2018","04/06/2018","Photo Courtesy of Rock and Roll Hall of Fame","Rock and Roll Hall of Fame",,,
"Cleveland Rock and Roll Hall of Fame Interior.jpg","04/06/2018","04/06/2018","Photo Courtesy of Rock and Roll Hall of Fame","Rock and Roll Hall of Fame Interior",,,
"Cleveland-Soldiers-Sailors-Monument.jpg","05/24/2018","04/06/2018","Photo Courtesy of ThisisCleveland.com","Cleveland Soldiers",,,
"CLE-78th Street Studios.jpg","04/06/2018","04/06/2018","Photo Courtesy of 78th Street Studios","78th Street Studios",,,
"Cleveland Museum of Art Exterior.jpg","04/06/2018","04/06/2018","Photo Courtesy of Cleveland Museum of Art","Cleveland Museum of Art",,,
"30A Wine Fest.jpg","04/06/2018","04/06/2018","Photo Courtesy of Bonjwing Lee / Ulterior Epicure","30A Wine Fest",,"Florida",
"WEB-Colorado-Mountain-Winefest.jpg","04/06/2018","04/06/2018","Photo Courtesy of Colorado Mountain Winefest","Palisade CO",,"Palisade",
"WEB-Experience-Alexander-Valley.jpg","04/06/2018","04/06/2018","Photo Courtesy of Experience Alexander Valley","Healdsburg CA",,"Healdsburg",
"WEB-Fall-for-Greenville.jpg","04/06/2018","04/06/2018","Photo Courtesy of Fall for Greenville","Greenville, SC",,"Greenville",
"Nirvana food and wine festival.jpg","04/06/2018","04/06/2018","Photo Courtesy of Sanctuary on Camelback Mountain Resort & Spa","Paradise Valley AZ",,"Paradise Valley",
"Wellfleet MA Oysterfest.jpg","04/06/2018","04/06/2018","Photo Courtesy of Massachusetts Office of Travel and Tourism","Wellfleet MA",,"Massachusetts",
"Iowa-City-Dey-House-Exterior-2.jpg","04/10/2018","04/10/2018","© 2016 The University of Iowa, all rights reserved.","Iowa City, IA",,"Iowa City",
"Iowa-City-Dey-House-Exterior.jpg","04/10/2018","04/10/2018","© 2016 The University of Iowa, all rights reserved.","Iowa City, IA",,"Iowa City",
"Madison-WI-Aerial.jpg","04/10/2018","04/10/2018","Photo Courtesy of Christopher Klinge","Madison WI",,"Madison",
"Landlocked-Film-Festival-Iowa-City.jpg","04/10/2018","04/10/2018","Photo courtesy Landlocked Film Festival",,,,
"OakRidge18v12W.jpg","04/10/2018","04/10/2018",,,,,
"Main-Quad-@-Ubana-Champaign.jpg","04/10/2018","04/10/2018","iStock Photo/eyfoto","Champaign IL",,"Champaign",
"Arlington-Cherry-Blossoms.jpg","04/10/2018","04/10/2018","iStock Photo/Mishella","Arlington VA",,"Arlington",
"Arlington-Financial-District.jpg","04/10/2018","04/10/2018","iStock Photo/SeanPavonePhoto","Arlington VA",,"Arlington",
"Arlington-Kayaking-on-the-Water.jpg","04/10/2018","04/10/2018","iStock Photo/drnadig","Arlington VA",,"Arlington",
"Jersey-City-Liberty-State-Park.jpg","04/10/2018","04/10/2018","iStock Photo/Tongshan","Jersey City, NJ",,"Jersey City",
"Jersey-City-Panorama.jpg","04/10/2018","04/10/2018","iStock Photo/Ultima_Gaina","Jersey City, NJ",,"Jersey City",
"Sandy-Springs-Perimeter-Center.jpg","04/10/2018","04/10/2018","iStock Photo/Davel5957","Sandy Springs, GA",,"Sandy Springs",
"Santa-Monica-Lifeguard-Station.jpg","04/10/2018","04/10/2018","iStock Photo/Richard Sharrocks","Santa Monica, CA",,"Santa Monica",
"Santa-Monica-Ocean-Ave.jpg","04/10/2018","04/10/2018","iStock Photo/ViewApart","Santa Monica, CA",,"Santa Monica",
"Santa-Monica-Pier.jpg","04/10/2018","04/10/2018","iStock Photo/stellalevi","Santa Monica, CA",,"Santa Monica",
"Wilmington-Cape-Fear-River.jpg","04/10/2018","04/10/2018","iStock Photo/garytog","Wilmington, NC",,"Wilmington",
"Wilmington-NC-Downtown.jpg","04/10/2018","04/10/2018","iStock Photo/traveler1116","Wilmington, NC",,"Wilmington",
"STEM-KirklandWA-Google.jpg","05/29/2018","04/10/2018","iStock Photo/volkan.basar","Kirkland, WA",,"Kirkland",
"Kirkland-Sunset-on-the-Lake.jpg","04/10/2018","04/10/2018","iStock Photo/rhyman007","Kirkland, WA",,"Kirkland",
"Albany-Palace-Theater.jpg","04/11/2018","04/11/2018","iStock Photo/cbell7153","Albany, NY",,"Albany",
"Cincinnati-Baseball.jpg","04/11/2018","04/11/2018","iStock Photo/aceshot","Cincinnati, OH",,"Cincinnati",
"Cincinnati-Downtown.jpg","04/11/2018","04/11/2018","iStock Photo/AndreyKrav","Cincinnati, OH",,"Cincinnati",
"Cincinnati-Fireworks.jpg","04/11/2018","04/11/2018","iStock Photo/benjaminjk","Cincinnati, OH",,"Cincinnati",
"Madison-WI-Downtown.jpg","04/11/2018","04/11/2018","iStock Photo/DenisTangneyJr","Madison, WI",,"Madison",
"Madison-WI-State-Capitol-at-Night.jpg","04/11/2018","04/11/2018","iStock Photo/timhughes","Madison, WI",,"Madison",
"Madison-WI-State-Capitol.jpg","04/11/2018","04/11/2018","iStock Photo/UWMadison","Madison, WI",,"Madison",
"Champaign-Illinois-Univ-Main-Quad.jpg","04/11/2018","04/11/2018","iStock Photo/gnagel","Champaign IL",,"Champaign",
"Bowman-Beach-at-Sanibel-FL.jpg","04/11/2018","04/11/2018","iStock Photo/Purdue9394","Sanibel, FL",,"Sanibel",
"Siesta-Key-Beach.jpg","04/11/2018","04/11/2018","iStock Photo/Bkamprath","Siesta Key, FL",,"Siesta Key",
"Lovers-Key-Fort-Myers.jpg","04/11/2018","04/11/2018","Courtesy of peacenik1 under a  CC 2.0  license.","Fort Myers, FL",,"Fort Myers",
"Washington-Oaks-Palm-Coast.jpg","04/11/2018","04/11/2018","Courtesy of  Marc Averette  under a  CC 2.0  license.","Palm Coast, FL",,"Palm Coast",
"iStock-468592091.jpg","04/12/2018","04/12/2018","iStock/Entropyd","St. John the Baptist Parish, LA",,"Laplace",
"Florida-Secret-Beaches.jpg","04/13/2018","04/13/2018","iStockPhoto.com","Secret Florida Beaches",,,
"ChattanoogaEDG17v2W.jpg","04/13/2018","04/13/2018",,,,,
,"06/20/2018","04/13/2018",,"Chattanooga, TN Digital Magazine",,"Chattanooga",
"Petoskey-Stargazing-Milky-Way.jpg","04/13/2018","04/13/2018","Photo Courtesy of Petoskey Area Visitors Bureau","Mackinaw City, MI",,"Mackinaw City",
"Petoskey-Stargazing-Pic.jpg","04/13/2018","04/13/2018","Photo Courtesy of Petoskey Area Visitors Bureau","Mackinaw City, MI",,"Mackinaw City",
"Petosky-Stars-Milky-Way.jpg","04/13/2018","04/13/2018","Photo Courtesy of Petoskey Area Visitors Bureau","Mackinaw City, MI",,"Mackinaw City",
"Milkyway-Night.jpg","04/16/2018","04/16/2018","iStockPhoto.com","The Best Places in the US to Stargaze",,,
"Alaska-Skyline.jpg","04/16/2018","04/16/2018","iStockPhoto/Chilkoot","Anchorage, AK",,"Anchorage",
"Alaska-Moose.jpg","04/16/2018","04/16/2018","iStock Photo/mtnmichelle","Alaska",,"Alaska",
"Alaska-Trees.jpg","04/16/2018","04/16/2018","iStock Photo/mscornelius","Alaska",,"Alaska",
"Alaskan-Bears.jpg","04/16/2018","04/16/2018","iStock Photo/LuCaAr","Alaska",,"Alaska",
"Alaskan-Kayak-Glacier.jpg","04/16/2018","04/16/2018","iStock Photo/ScottSteindorf","Alaska",,"Alaska",
"Ketchikan-AK.jpg","04/16/2018","04/16/2018","iStock/sorincolac","Ketchikan, Alaska",,"Ketchikan",
"Alaska-Northern-Lights.jpg","04/16/2018","04/16/2018","iStock Photo/stanley45","Alaska",,"Alaska",
"New-Mexico-Stargazing.jpg","04/16/2018","04/16/2018","Bettymaya Foott","New Mexico Stargazing",,"New Mexico",
"Lafayette---Colorado.jpg","04/16/2018","04/16/2018","iStock Photo/Lunnderboy","Lafayette CO",,"Lafayette",
"Broomfield-Colorado.jpg","04/16/2018","04/16/2018","iStock Photo/bauhaus1000","Broomfield CO",,"Broomfield",
"Fort-Collins-Colorado.jpg","04/16/2018","04/16/2018","iStock Photo/RiverNorthPhotography","Fort Collins CO",,"Fort Collins",
"Castle-Rock-Colorado.jpg","04/16/2018","04/16/2018","iStock Photo/milehightraveler","Castle Rock CO",,"Castle Rock",
"Catie Nienaber.png","04/17/2018","04/17/2018",,,,,
"Jackson-TN-Rusty's-Dukes-of-Hazard.jpg","04/17/2018","04/17/2018","Courtesy of Thomas R Machnitzki under a  CC 2.0  license.","Jackson TN",,"Jackson",
"Jackson-TN-Rusty's-Mystery-Machine.jpg","04/17/2018","04/17/2018","Courtesy of ","Thomas R Machnitzki under a  CC 2.0  license.","Jackson TN",,"Jackson"
"8471SUB013.jpg","04/17/2018","04/17/2018","Photo credit: Tim Mueller","LaPlace, LA",,"Laplace",
"StJohntheBaptist2018v1W.jpg","04/17/2018","04/17/2018",,,,,
"StJohnLogo.png","04/17/2018","04/17/2018",,,,,
"Boulder-CO-Sunset.jpg","04/17/2018","04/17/2018","iStock Photo/fbxx","Boulder CO",,"Boulder",
"Colorado-Springs-CO-Garden-of-the-Gods.jpg","04/17/2018","04/17/2018","iStock Photo/RondaKimbrow","Colorado Springs CO",,"Colorado Springs",
"Denver-CO-Skyline.jpg","04/17/2018","04/17/2018","iStock Photo/dbvirago","Denver CO",,"Denver",
"Grand-Junction-CO-Rock-Formation.jpg","04/17/2018","04/17/2018","iStock Photo/Richard Schafer","Grand Junction CO",,"Grand Junction",
"Pueblo-CO-Downtown.jpg","04/17/2018","04/17/2018","iStock Photo/milehightraveler","Pueblo CO",,"Pueblo",
"Colorado.jpg","04/17/2018","04/17/2018","iStock Photo/wisanuboonrawd","Colorado",,"Colorado",
"Beaver-Creek-CO-Ski.jpg","04/17/2018","04/17/2018","iStock Photo/Adventure_Photo","Colorado",,"Colorado",
"Vail-Valley-Colorado.jpg","04/17/2018","04/17/2018","iStock Photo/Adventure_Photo","Vail CO",,"Vail",
"NASHM2018v16W.jpg","04/17/2018","04/17/2018",,,,,
"NashvilleHealthcare.jpg","04/17/2018","04/17/2018","Staff Photo","Nashville, TN",,"Nashville",
"Fort-Collins-Colorado-Building.jpg","04/17/2018","04/17/2018","iStock Photo/dlewis33","Fort Collins CO",,"Fort Collins",
"Fort-Collins-Colorado-Donwtown1.jpg","04/17/2018","04/17/2018","iStock Photo/RiverNorthPhotography","Fort Collins CO",,"Fort Collins",
"Loveland-Colorado-Lake-Sunset.jpg","04/17/2018","04/17/2018","iStock Photo/marekuliasz","Loveland CO",,"Loveland",
"Longmont-CO-Downtown.jpg","04/17/2018","04/17/2018","Courtesy of  Marixa Namir Andrade  under a  CC 2.0  license.","Longmont CO",,"Longmont",
"Glenwood-Canyon-Colorado.jpg","04/17/2018","04/17/2018","iStock Photo/Adventure_Photo","Colorado",,"Colorado",
"Strawberry-Park-Hot-Springs-Colorado.jpg","04/17/2018","04/17/2018","iStock Photo/tvirbickis","Steamboat Springs CO",,"Steamboat Springs",
"Seattle-WA-from-Water.jpg","04/18/2018","04/18/2018","iStock Photo/robynleigh","Seattle WA",,"Seattle",
"Seattle-WA-Art-Museum.jpg","04/18/2018","04/18/2018","iStock Photo/400tmax","Seattle WA",,"Seattle",
"Starved-Rock-Ilinois.jpg","04/18/2018","04/18/2018","iStock Photo/FSTOPLIGHT","Starved Rock State Park",,"Illinois",
"Illinois-Beach-State-Park.jpg","04/18/2018","04/18/2018","iStock Photo/Wirepec","Illinois Beach State Park",,"Zion",
"Cahokia-Mounds-Illinois.jpg","04/18/2018","04/18/2018","iStock Photo/JByard","Cahokia Mounds Illinois",,"Collinsville",
"Galena-Illinois-HistoricHome.jpg","04/18/2018","04/18/2018","Courtesy of  SD Dirk under a  CC 2.0  license.","Galena Illinois",,"Galena",
"Illinois-Railway.jpg","04/18/2018","04/18/2018","Courtesy of  contemplative imaging  under a  CC 2.0  license.","Illinois Railway Museum",,"Union",
"Shawnee-Hills-Wine-Trail.jpg","04/18/2018","04/18/2018","iStock Photo/bbbrrn","Shawnee Hills Wine Trail - Illinois",,"Illinois",
"Farmers-Market-Berries.jpg","04/18/2018","04/18/2018","iStock Photo/Amenohi","Urbana Farmer's Market Berries",,"Urbana",
"Northwestern-University-Illinois.jpg","04/18/2018","04/18/2018","iStock Photo/eyfoto","Northwestern University, based in Evanston IL",,"Evanston",
"KGough.jpg","04/19/2018","04/19/2018",,,,,
"Boulder-CO-Pearl-Street.jpg","04/19/2018","04/19/2018","iStock Photo/bauhaus1000","Boulder CO",,"Boulder",
"Bozeman-MT.jpg","04/19/2018","04/19/2018","iStock Photo/DianeBentleyRaymond","Bozeman MT",,"Bozeman",
"Rochester-MN-Mayo-Clinic.jpg","04/19/2018","04/19/2018","iStock Photo/BanksPhotos","Rochester, MN Mayo Clinic",,"Rochester",
"Dayton-OH.jpg","04/19/2018","04/19/2018","iStock Photo/Ron_Thomas","Dayton Ohio",,"Dayton",
"Detroit-Michigan.jpg","04/19/2018","04/19/2018","iStock Photo/pawel.gaul","Detroit MI",,"Detroit",
"Pittsburgh-PA.jpg","04/19/2018","04/19/2018","iStock Photo/f11photo","Pittsburgh PA",,"Pittsburgh",
"Olympia-Washington.jpg","04/19/2018","04/19/2018","iStock Photo/ChrisBoswell","Olympia WA",,"Olympia",
"Bothell-Washington.jpg","04/19/2018","04/19/2018","iStock Photo/KingWu","Bothell WA",,"Bothell",
"Auburn-Washington.jpg","04/19/2018","04/19/2018","iStock Photo/inacioluc","Auburn WA",,"Auburn",
"Olympia-WA-Capitol.jpg","04/19/2018","04/19/2018","iStock Photo/franckreporter","Olympia WA",,"Olympia",
"Spokane-WA-Clock-Tower.jpg","04/19/2018","04/19/2018","iStock Photo/gregobagel","Spokane WA",,"Spokane",
"Spokane-WA-River.jpg","04/19/2018","04/19/2018","iStock Photo/digidreamgrafix","Spokane WA",,"Spokane",
"Vancouver-Washington.jpg","04/19/2018","04/19/2018","iStock Photo/JPLDesigns","Vancouver WA",,"Vancouver",
"Everett-WA-Mountains.jpg","04/19/2018","04/19/2018","iStock Photo/njpPhoto","Everett WA",,"Everett",
"854018SUB0622.jpg","04/19/2018","04/19/2018","Courtesy of Lon Horwedel","Ann Arbor, MI","The Huron River at Gallup Park in Ann Arbor, MI.","Ann Arbor",
"854018SUB0150.jpg","04/19/2018","04/19/2018","Couresy of the Ann Arbor Arts Center","Ann Arbor, MI","Ann Arbor Arts Center","Ann Arbor",
"Updated-ACM-Concept-Image-4.jpg","04/19/2018","04/19/2018","Courtesy of acwayna","Ann Arbor, MI",,"Ann Arbor",
"854018SUB0761.jpg","04/19/2018","04/19/2018","Courtesy of Lon Horwedel","Ann Arbor, MI","Washtenaw Community College Commencement at Eastern Michigan University's Convocation Center in Ann Arbor, MI.","Ann Arbor",
"iStock-536656096.jpg","04/19/2018","04/19/2018","Courtesy of Davel5957","Ann Arbor, MI","Pedestrians walking on and crossing Main street in Downtown Ann Arbor, with the historic First National Bank building at the end of the block.","Ann Arbor",
"854018SUB0763.jpg","04/19/2018","04/19/2018","Courtesy of the University of Michigan","Ann Arbor, MI","A PhD Student&nbsp;runs an experiment using a self-cooling laser at&nbsp;the University of Michigan in Ann Arbor, MI.
&nbsp;","Ann Arbor",
"6570318AMFREE0029.jpg","04/19/2018","04/19/2018","Art Meripol","Prattville, AL","Bottling at Eleven86 Artesian Water Company.","Prattville",
"6570911BM4554.jpg","04/19/2018","04/19/2018","Brian McCord","Prattville, AL","Auburn University Montgomery offers programs of study leading to bachelor's, master's, and specialist degrees in business, education, liberal arts, nursing, and sciences.","Prattville",
"65715SUB038.jpg","04/19/2018","04/19/2018","Courtesy of Chambliss King Architects","Prattville, AL","Renderings of the Pratt Gin Factory Renovation in Prattville, AL.","Prattville",
"65715SUB003.jpg","04/19/2018","04/19/2018","Courtesy of Melanie Cox","Prattville, AL","All military personnel and their dependent family members received free admission to the Zoo and Mann Wildlife Learning Museum, in addition to free food and drinks.&nbsp;","Prattville",
"UTHealth-Cover.jpg","04/20/2018","04/20/2018",,,,,
"UTHealth-LOGO-200px.jpg","10/16/2019","04/20/2018",,"UT Health East Texas",,,
"UTHealth-Cover.jpg","10/16/2019","04/20/2018",,"UT Health Tyler TX",,,
"Oakland-California-Downtown.jpg","04/20/2018","04/20/2018","iStock Photo/DenisTangneyJr","Oakland CA",,"Oakland",
"Concord-California.jpg","04/20/2018","04/20/2018","iStock Photo/Skyhobo","Concord CA",,"Concord",
"Daly-City-California.jpg","04/20/2018","04/20/2018","iStock Photo/yhelfman","Daly City CA",,"Daly City",
"Page3_Photo.jpg","04/20/2018","04/20/2018",,,,,
